GROUP,PACKAGE,CLASS,INSTRUCTION_MISSED,INSTRUCTION_COVERED,BRANCH_MISSED,BRANCH_COVERED,LINE_MISSED,LINE_COVERED,COMPLEXITY_MISSED,COMPLEXITY_COVERED,METHOD_MISSED,METHOD_COVERED
statements service,com.mah.statements.util.enums,UserRole,0,37,0,0,0,5,0,3,0,3
statements service,com.mah.statements.util.enums,UserType,0,24,0,0,0,3,0,1,0,1
statements service,com.mah.statements.entity,Statement,4,46,0,0,0,8,1,10,1,10
statements service,com.mah.statements.entity,Account.AccountBuilder,8,28,0,0,0,1,1,5,1,5
statements service,com.mah.statements.entity,Statement.StatementBuilder,10,35,0,0,0,1,1,6,1,6
statements service,com.mah.statements.entity,Account,4,36,0,0,0,7,1,8,1,8
statements service,com.mah.statements.service.model,ViewStatementDetailsModel.ViewStatementDetailsModelBuilder,6,21,0,0,0,1,1,4,1,4
statements service,com.mah.statements.service.model,ViewStatementsResponseModel,15,33,0,0,2,6,4,6,4,6
statements service,com.mah.statements.service.model,AccountModel,23,21,0,0,3,4,3,6,3,6
statements service,com.mah.statements.service.model,StatementModel,31,25,0,0,4,4,4,7,4,7
statements service,com.mah.statements.service.model,ViewStatementDetailsModel,3,19,0,0,1,4,1,4,1,4
statements service,com.mah.statements.service.model,ViewStatementsRequestModel,23,61,0,0,1,10,6,10,6,10
statements service,com.mah.statements.service.model,ViewStatementsResponseModel.ViewStatementsResponseModelBuilder,8,28,0,0,0,1,1,5,1,5
statements service,com.mah.statements.service.model,ViewStatementsRequestModel.ViewStatementsRequestModelBuilder,14,49,0,0,0,1,1,8,1,8
statements service,net.ucanaccess.hibernate.dialect,UCanAccessDialect,6,89,0,0,3,17,3,3,3,3
statements service,net.ucanaccess.hibernate.dialect,UCanAccessDialectUniqueDelegate,8,3,0,0,4,1,4,1,4,1
statements service,net.ucanaccess.hibernate.dialect,UCanAccessDialectIdentityColumnSupport,6,3,0,0,3,1,3,1,3,1
statements service,net.ucanaccess.hibernate.dialect,UCanAccessDialectLimitHandler,28,3,0,0,6,1,6,1,6,1
statements service,com.mah.statements.config,WebSecurityConfig,0,112,0,0,0,32,0,6,0,6
statements service,com.mah.statements.config,DataSourceConfig,0,124,0,0,0,26,0,6,0,6
statements service,com.mah.statements.config,PropertiesConfig,0,17,0,0,0,4,0,5,0,5
statements service,com.mah.statements.config,ViewStatementsFilterConfig,52,7,8,0,14,2,5,2,1,2
statements service,com.mah.statements.config.properties,HibernateProperties,0,38,0,0,0,7,0,11,0,11
statements service,com.mah.statements.config.properties,DataBaseProperties,0,31,0,0,0,6,0,9,0,9
statements service,com.mah.statements,StatementsServiceApplication,5,3,0,0,2,1,1,1,1,1
statements service,com.mah.statements.rest.dto,ViewStatementDetailsResponse,23,13,0,0,5,2,6,2,6,2
statements service,com.mah.statements.rest.dto,ViewStatementsRequest.ViewStatementsRequestBuilder,18,18,0,0,0,1,3,3,3,3
statements service,com.mah.statements.rest.dto,ViewStatementsResponse,26,18,0,0,4,3,4,5,4,5
statements service,com.mah.statements.rest.dto,ViewStatementsRequest.AmountRange,11,25,0,0,2,5,3,5,3,5
statements service,com.mah.statements.rest.dto,ViewStatementsRequest.DateRange,11,25,0,0,2,5,3,5,3,5
statements service,com.mah.statements.rest.dto,ViewStatementsRequest,23,25,0,0,3,5,5,5,5,5
statements service,com.mah.statements.rest.dto,ViewStatementsRequest.DateRange.DateRangeBuilder,6,21,0,0,0,1,1,4,1,4
statements service,com.mah.statements.rest.dto,ViewStatementDetailsResponse.ViewStatementDetailsResponseBuilder,6,21,0,0,0,1,1,4,1,4
statements service,com.mah.statements.rest.dto,ViewStatementsRequest.AmountRange.AmountRangeBuilder,6,21,0,0,0,1,1,4,1,4
statements service,com.mah.statements.validators,AmountRangeValidator,0,73,0,10,0,19,0,8,0,3
statements service,com.mah.statements.validators,DateRangeValidator,0,108,0,12,0,31,0,9,0,3
statements service,com.mah.statements.service.impl,StatementsServiceImpl,2,234,6,20,0,52,6,20,0,13
statements service,com.mah.statements.exceptions,GlobalError,48,0,0,0,8,0,10,0,10,0
statements service,com.mah.statements.exceptions,GlobalError.GlobalErrorBuilder,36,0,0,0,1,0,6,0,6,0
statements service,com.mah.statements.exceptions,GlobalExceptionHandler,93,7,0,0,23,2,3,2,3,2
statements service,com.mah.statements.rest.advices,ViewStatementsRequestBodyAdviceAdapter,41,13,0,0,9,2,2,2,2,2
statements service,com.mah.statements.rest.advices,ViewStatementsResponseBodyAdviceAdapter,40,10,4,0,10,2,4,2,2,2
statements service,com.mah.statements.rest,StatementsController,0,40,0,0,0,10,0,3,0,3
statements service,com.mah.statements.wrappers,RequestWrapper,15,0,0,0,4,0,2,0,2,0
statements service,com.mah.statements.wrappers,ServletInputStreamWrapper,27,0,2,0,9,0,6,0,5,0
statements service,com.mah.statements.mappers,StatementMapperImpl,2,39,3,3,1,10,3,2,0,2
statements service,com.mah.statements.mappers,AccountMapper,0,5,0,0,0,1,0,1,0,1
statements service,com.mah.statements.mappers,ViewStatementsRequestMapper,0,5,0,0,0,1,0,1,0,1
statements service,com.mah.statements.mappers,ViewStatementsResponseMapperImpl,6,69,3,5,3,18,3,5,0,4
statements service,com.mah.statements.mappers,StatementMapper,0,5,0,0,0,1,0,1,0,1
statements service,com.mah.statements.mappers,ViewStatementsRequestMapperImpl,60,75,19,11,23,27,15,6,0,6
statements service,com.mah.statements.mappers,AccountMapperImpl,2,23,1,1,1,7,1,2,0,2
statements service,com.mah.statements.mappers,ViewStatementsResponseMapper,0,5,0,0,0,1,0,1,0,1
